{
  "neural_config": {
    "enabled": true,
    "model_path": "models/cortex_neural_advanced.json",
    "fallback_on_error": true,
    "max_inference_time_ms": 5.0,
    "anomaly_threshold": 0.8
  },
  "performance": {
    "cache_models": true,
    "parallel_inference": false,
    "batch_size": 1
  },
  "security": {
    "validate_inputs": true,
    "secure_memory": true,
    "clear_intermediate": true
  },
  "monitoring": {
    "log_performance": true,
    "track_anomalies": true,
    "neural_telemetry": true
  }
}